Workbook
Name Achats: 'Liste des produits vendus '!$B$5:$I$40
Name Clients: 'Liste des clients'!$B$5:$I$21
Name Commande: 'Liste des produits vendus '!$B$6:$B$40
Name Montant: 'Liste des produits vendus '!$H$6:$H$40
Name Ouvrage: 'Catalogue des produits'!$B$7:$H$33
Name produits: 'Liste des produits vendus '!$F$6:$F$40
Name tableau: 'Total des ventes par clients'!$B$3:$C$15
Name Total: 'Total des ventes par clients'!$B$2:$D$20
Name Vendus: 'Liste des produits vendus '!$D$5:$H$40

Sheet Liste des clients
F2: Le tableau est nommé
F3: Clients
B5: Code clients | C5: Titre | D5: Nom | E5: Prénom | F5: Adresse1 | G5: CP | H5: Ville | I5: Pays | J5: Total Achats
B6: =CONCATENATE(UPPER(LEFT(D6,3)),UPPER(LEFT(E6,3)),UPPER(LEFT(H6,3)),UPPER(LEFT(I6,3)),) -> BEUODEBRUBEL | C6: Madame | D6: BEUKELAERE | E6: Odette | F6: avenue de la Reine Astrid | G6: 1000 | H6: BRUXELLES | I6: BELGIQUE | J6: =IFERROR(VLOOKUP(D6 & " " & E6, 'Total des ventes par clients'!$A$2:$B$16, 2, 0),0) -> 31
B7: =CONCATENATE(UPPER(LEFT(D7,3)),UPPER(LEFT(E7,3)),UPPER(LEFT(H7,3)),UPPER(LEFT(I7,3)),) -> BINJULNICFRA | C7: Monsieur | D7: BINOCHE | E7: Julien | F7: 56, place de la Victoire | G7: 06100 | H7: NICE | I7: FRANCE | J7: =IFERROR(VLOOKUP(D7 & " " & E7, 'Total des ventes par clients'!$A$2:$B$16, 2, 0),0) -> 39
B8: =CONCATENATE(UPPER(LEFT(D8,3)),UPPER(LEFT(E8,3)),UPPER(LEFT(H8,3)),UPPER(LEFT(I8,3)),) -> CAIMICRENFRA | C8: Monsieur | D8: CAINE | E8: Mickaël | F8: 12, rue des Capucins | G8: 35000 | H8: RENNES | I8: FRANCE | J8: =IFERROR(VLOOKUP(D8 & " " & E8, 'Total des ventes par clients'!$A$2:$B$16, 2, 0),0) -> 16.5
B9: =CONCATENATE(UPPER(LEFT(D9,3)),UPPER(LEFT(E9,3)),UPPER(LEFT(H9,3)),UPPER(LEFT(I9,3)),) -> CURARTLYOFRA | C9: Monsieur | D9: CURT | E9: Arthur | F9: 12, rue du Commerce | G9: 69100 | H9: LYON | I9: FRANCE | J9: =IFERROR(VLOOKUP(D9 & " " & E9, 'Total des ventes par clients'!$A$2:$B$16, 2, 0),0) -> 24.5
B10: =CONCATENATE(UPPER(LEFT(D10,3)),UPPER(LEFT(E10,3)),UPPER(LEFT(H10,3)),UPPER(LEFT(I10,3)),) -> DESSOPRENFRA | C10: Madame | D10: DESVENTS | E10: Sophie | F10: 3, rue des Roches | G10: 35000 | H10: RENNES | I10: FRANCE | J10: =IFERROR(VLOOKUP(D10 & " " & E10, 'Total des ventes par clients'!$A$2:$B$16, 2, 0),0) -> 34.5
B11: =CONCATENATE(UPPER(LEFT(D11,3)),UPPER(LEFT(E11,3)),UPPER(LEFT(H11,3)),UPPER(LEFT(I11,3)),) -> DUBJEANANFRA | C11: Monsieur | D11: DUBOIS | E11: Jean | F11: 10, impasse des Marguerites | G11: 44000 | H11: NANTES | I11: FRANCE | J11: =IFERROR(VLOOKUP(D11 & " " & E11, 'Total des ventes par clients'!$A$2:$B$16, 2, 0),0) -> 32.5
B12: =CONCATENATE(UPPER(LEFT(D12,3)),UPPER(LEFT(E12,3)),UPPER(LEFT(H12,3)),UPPER(LEFT(I12,3)),) -> HOLSHENANFRA | C12: Monsieur | D12: HOLMES | E12: Sherlock | F12: 16, rue Mauduit | G12: 44100 | H12: NANTES | I12: FRANCE | J12: =IFERROR(VLOOKUP(D12 & " " & E12, 'Total des ventes par clients'!$A$2:$B$16, 2, 0),0) -> 57.5
B13: =CONCATENATE(UPPER(LEFT(D13,3)),UPPER(LEFT(E13,3)),UPPER(LEFT(H13,3)),UPPER(LEFT(I13,3)),) -> HOUSÉBMARFRA | C13: Monsieur | D13: HOUDAN | E13: Sébastien | F13: 125, avenue Marceau | G13: 13210 | H13: MARSEILLE | I13: FRANCE | J13: =IFERROR(VLOOKUP(D13 & " " & E13, 'Total des ventes par clients'!$A$2:$B$16, 2, 0),0) -> 0
B14: =CONCATENATE(UPPER(LEFT(D14,3)),UPPER(LEFT(E14,3)),UPPER(LEFT(H14,3)),UPPER(LEFT(I14,3)),) -> IRVAMYNANFRA | C14: Madame | D14: IRVING | E14: Amy | F14: 17, rue Avenue Shining | G14: 44300 | H14: NANTES | I14: FRANCE | J14: =IFERROR(VLOOKUP(D14 & " " & E14, 'Total des ventes par clients'!$A$2:$B$16, 2, 0),0) -> 63.5
B15: =CONCATENATE(UPPER(LEFT(D15,3)),UPPER(LEFT(E15,3)),UPPER(LEFT(H15,3)),UPPER(LEFT(I15,3)),) -> IZGBERLONGRA | C15: Madame | D15: IZGOUD | E15: Bernadette | F15: Spring Road | G15: 675490 | H15: LONDRES | I15: GRANDE-BRETAGNE | J15: =IFERROR(VLOOKUP(D15 & " " & E15, 'Total des ventes par clients'!$A$2:$B$16, 2, 0),0) -> 79
B16: =CONCATENATE(UPPER(LEFT(D16,3)),UPPER(LEFT(E16,3)),UPPER(LEFT(H16,3)),UPPER(LEFT(I16,3)),) -> LAPMAXNANFRA | C16: Monsieur | D16: LAPORTE | E16: Maxime | F16: 34, rue des Cèdres | G16: 44000 | H16: NANTES | I16: FRANCE | J16: =IFERROR(VLOOKUP(D16 & " " & E16, 'Total des ventes par clients'!$A$2:$B$16, 2, 0),0) -> 33.5
B17: =CONCATENATE(UPPER(LEFT(D17,3)),UPPER(LEFT(E17,3)),UPPER(LEFT(H17,3)),UPPER(LEFT(I17,3)),) -> LEVMARANGFRA | C17: Madame | D17: LEVASSEUR | E17: Marthe | F17: 15, rue de la Fauvette | G17: 49000 | H17: ANGERS | I17: FRANCE | J17: =IFERROR(VLOOKUP(D17 & " " & E17, 'Total des ventes par clients'!$A$2:$B$16, 2, 0),0) -> 19
B18: =CONCATENATE(UPPER(LEFT(D18,3)),UPPER(LEFT(E18,3)),UPPER(LEFT(H18,3)),UPPER(LEFT(I18,3)),) -> PORJULNANFRA | C18: Madame | D18: PORTE | E18: Juliette | F18: 10, rue des Peupliers | G18: 44400 | H18: NANTES | I18: FRANCE | J18: =IFERROR(VLOOKUP(D18 & " " & E18, 'Total des ventes par clients'!$A$2:$B$16, 2, 0),0) -> 26
B19: =CONCATENATE(UPPER(LEFT(D19,3)),UPPER(LEFT(E19,3)),UPPER(LEFT(H19,3)),UPPER(LEFT(I19,3)),) -> PREJEARENFRA | C19: Madame | D19: PREFFER | E19: Jeanne | F19: 24, rue de l'Evasion | G19: 35000 | H19: RENNES | I19: FRANCE | J19: =IFERROR(VLOOKUP(D19 & " " & E19, 'Total des ventes par clients'!$A$2:$B$16, 2, 0),0) -> 19.5
... B21: =CONCATENATE(UPPER(LEFT(D21,3)),UPPER(LEFT(E21,3)),UPPER(LEFT(H21,3)),UPPER(LEFT(I21,3)),) -> WALEVANANFRA | C21: Mademoiselle | D21: WALKEN | E21: Eva | F21: 32, rue des Voyants | G21: 44000 | H21: NANTES | I21: FRANCE | J21: =IFERROR(VLOOKUP(D21 & " " & E21, 'Total des ventes par clients'!$A$2:$B$16, 2, 0),0) -> 55
J22: =SUM(J6:J21) -> 573

Sheet Catalogue des produits
D2: Le tableau est nommé
D3: Ouvrage
B5: Code | C5: Ouvrage | F5: Auteur | H5: Prix | I5: Ventes | J5: % des ventes
C6: Collection | D6: Nom | E6: Tome | F6: Nom | G6: Prénom
B7: =CONCATENATE(UPPER(LEFT(F7,3)),UPPER(LEFT(G7,3)),UPPER(LEFT(C7,4)),UPPER(RIGHT(E7,1))) -> COLSUZHUNG1 | C7: Hunger Games | E7: Tome 1 | F7: Collins | G7: Suzanne | H7: 17 | I7: =COUNTIFS(produits,B7) -> 2 | J7: =I7/SUM($I$7:$I$33) -> 0.057142857
B8: =CONCATENATE(UPPER(LEFT(F8,3)),UPPER(LEFT(G8,3)),UPPER(LEFT(C8,4)),UPPER(RIGHT(E8,1))) -> COLSUZHUNG2 | C8: Hunger Games | D8: L'embrasement | E8: Tome 2 | F8: Collins | G8: Suzanne | H8: 17 | I8: =COUNTIFS(produits,B8) -> 1 | J8: =I8/SUM($I$7:$I$33) -> 0.028571429
B9: =CONCATENATE(UPPER(LEFT(F9,3)),UPPER(LEFT(G9,3)),UPPER(LEFT(C9,4)),UPPER(RIGHT(E9,1))) -> COLSUZHUNG3 | C9: Hunger Games | D9: La révolte | E9: Tome 3 | F9: Collins | G9: Suzanne | H9: 17.5 | I9: =COUNTIFS(produits,B9) -> 0 | J9: =I9/SUM($I$7:$I$33) -> 0
B10: =CONCATENATE(UPPER(LEFT(F10,3)),UPPER(LEFT(G10,3)),UPPER(LEFT(C10,4)),UPPER(RIGHT(E10,1))) -> DASJAMLABY1 | C10: Labyrinthe | D10: Le labyrinthe | E10: Tome 1 | F10: Dasher | G10: James | H10: 15.5 | I10: =COUNTIFS(produits,B10) -> 3 | J10: =I10/SUM($I$7:$I$33) -> 0.085714286
B11: =CONCATENATE(UPPER(LEFT(F11,3)),UPPER(LEFT(G11,3)),UPPER(LEFT(C11,4)),UPPER(RIGHT(E11,1))) -> DASJAMLABY2 | C11: Labyrinthe | D11: La terre Brûlée | E11: Tome 2 | F11: Dasher | G11: James | H11: 16 | I11: =COUNTIFS(produits,B11) -> 0 | J11: =I11/SUM($I$7:$I$33) -> 0
B12: =CONCATENATE(UPPER(LEFT(F12,3)),UPPER(LEFT(G12,3)),UPPER(LEFT(C12,4)),UPPER(RIGHT(E12,1))) -> DASJAMLABY3 | C12: Labyrinthe | D12: Le remède mortel | E12: Tome 3 | F12: Dasher | G12: James | H12: 16.5 | I12: =COUNTIFS(produits,B12) -> 0 | J12: =I12/SUM($I$7:$I$33) -> 0
B13: =CONCATENATE(UPPER(LEFT(F13,3)),UPPER(LEFT(G13,3)),UPPER(LEFT(C13,4)),UPPER(RIGHT(E13,1))) -> GIEKERROUG1 | C13: Rouge Rubis | E13: Tome 1 | F13: Gier | G13: Kerstin | H13: 13.5 | I13: =COUNTIFS(produits,B13) -> 1 | J13: =I13/SUM($I$7:$I$33) -> 0.028571429
B14: =CONCATENATE(UPPER(LEFT(F14,3)),UPPER(LEFT(G14,3)),UPPER(LEFT(C14,4)),UPPER(RIGHT(E14,1))) -> GIEKERBLEU2 | C14: Bleu Saphir | E14: Tome 2 | F14: Gier | G14: Kerstin | H14: 13 | I14: =COUNTIFS(produits,B14) -> 3 | J14: =I14/SUM($I$7:$I$33) -> 0.085714286
B15: =CONCATENATE(UPPER(LEFT(F15,3)),UPPER(LEFT(G15,3)),UPPER(LEFT(C15,4)),UPPER(RIGHT(E15,1))) -> GIEKERVERT3 | C15: Vert Emeraude | E15: Tome 3 | F15: Gier | G15: Kerstin | H15: 13 | I15: =COUNTIFS(produits,B15) -> 2 | J15: =I15/SUM($I$7:$I$33) -> 0.057142857
B16: =CONCATENATE(UPPER(LEFT(F16,3)),UPPER(LEFT(G16,3)),UPPER(LEFT(C16,4)),UPPER(RIGHT(E16,1))) -> MARGEOGAME1 | C16: Games of Throne | D16: Intégrale 1 | E16: Tome 1 | F16: Martin | G16: George R.R. | H16: 19 | I16: =COUNTIFS(produits,B16) -> 3 | J16: =I16/SUM($I$7:$I$33) -> 0.085714286
B17: =CONCATENATE(UPPER(LEFT(F17,3)),UPPER(LEFT(G17,3)),UPPER(LEFT(C17,4)),UPPER(RIGHT(E17,1))) -> MARGEOGAME2 | C17: Games of Throne | D17: Intégrale 2 | E17: Tome 2 | F17: Martin | G17: George R.R. | H17: 19.5 | I17: =COUNTIFS(produits,B17) -> 2 | J17: =I17/SUM($I$7:$I$33) -> 0.057142857
B18: =CONCATENATE(UPPER(LEFT(F18,3)),UPPER(LEFT(G18,3)),UPPER(LEFT(C18,4)),UPPER(RIGHT(E18,1))) -> MARGEOGAME3 | C18: Games of Throne | D18: Intégrale 3 | E18: Tome 3 | F18: Martin | G18: George R.R. | H18: 19.5 | I18: =COUNTIFS(produits,B18) -> 3 | J18: =I18/SUM($I$7:$I$33) -> 0.085714286
B19: =CONCATENATE(UPPER(LEFT(F19,3)),UPPER(LEFT(G19,3)),UPPER(LEFT(C19,4)),UPPER(RIGHT(E19,1))) -> MARGEOGAME4 | C19: Games of Throne | D19: Intégrale 4 | E19: Tome 4 | F19: Martin | G19: George R.R. | H19: 21 | I19: =COUNTIFS(produits,B19) -> 2 | J19: =I19/SUM($I$7:$I$33) -> 0.057142857
B20: =CONCATENATE(UPPER(LEFT(F20,3)),UPPER(LEFT(G20,3)),UPPER(LEFT(C20,4)),UPPER(RIGHT(E20,1))) -> MARGEOGAME5 | C20: Games of Throne | D20: Intégrale 5 | E20: Tome 5 | F20: Martin | G20: George R.R. | H20: 21 | I20: =COUNTIFS(produits,B20) -> 1 | J20: =I20/SUM($I$7:$I$33) -> 0.028571429
B21: =CONCATENATE(UPPER(LEFT(F21,3)),UPPER(LEFT(G21,3)),UPPER(LEFT(C21,4)),UPPER(RIGHT(E21,1))) -> PAOCHRERAG1 | C21: Eragon | E21: Tome 1 | F21: Paolini | G21: Christopher | H21: 12 | I21: =COUNTIFS(produits,B21) -> 2 | J21: =I21/SUM($I$7:$I$33) -> 0.057142857
B22: =CONCATENATE(UPPER(LEFT(F22,3)),UPPER(LEFT(G22,3)),UPPER(LEFT(C22,4)),UPPER(RIGHT(E22,1))) -> PAOCHRERAG2 | C22: Eragon | D22: L'aîné | E22: Tome 2 | F22: Paolini | G22: Christopher | H22: 12.5 | I22: =COUNTIFS(produits,B22) -> 1 | J22: =I22/SUM($I$7:$I$33) -> 0.028571429
B23: =CONCATENATE(UPPER(LEFT(F23,3)),UPPER(LEFT(G23,3)),UPPER(LEFT(C23,4)),UPPER(RIGHT(E23,1))) -> PAOCHRERAG3 | C23: Eragon | D23: Brisingr | E23: Tome 3 | F23: Paolini | G23: Christopher | H23: 13 | I23: =COUNTIFS(produits,B23) -> 0 | J23: =I23/SUM($I$7:$I$33) -> 0
B24: =CONCATENATE(UPPER(LEFT(F24,3)),UPPER(LEFT(G24,3)),UPPER(LEFT(C24,4)),UPPER(RIGHT(E24,1))) -> PAOCHRERAG4 | C24: Eragon | D24: L'héritage | E24: Tome 4 | F24: Paolini | G24: Christopher | H24: 14 | I24: =COUNTIFS(produits,B24) -> 0 | J24: =I24/SUM($I$7:$I$33) -> 0
B25: =CONCATENATE(UPPER(LEFT(F25,3)),UPPER(LEFT(G25,3)),UPPER(LEFT(C25,4)),UPPER(RIGHT(E25,1))) -> ROTVERDIVE1 | C25: Divergente | E25: Tome 1 | F25: Roth | G25: Veronica | H25: 14.5 | I25: =COUNTIFS(produits,B25) -> 2 | J25: =I25/SUM($I$7:$I$33) -> 0.057142857
B26: =CONCATENATE(UPPER(LEFT(F26,3)),UPPER(LEFT(G26,3)),UPPER(LEFT(C26,4)),UPPER(RIGHT(E26,1))) -> ROTVERDIVE2 | C26: Divergente | E26: Tome 2 | F26: Roth | G26: Veronica | H26: 14.5 | I26: =COUNTIFS(produits,B26) -> 1 | J26: =I26/SUM($I$7:$I$33) -> 0.028571429
B27: =CONCATENATE(UPPER(LEFT(F27,3)),UPPER(LEFT(G27,3)),UPPER(LEFT(C27,4)),UPPER(RIGHT(E27,1))) -> ROTVERDIVE3 | C27: Divergente | E27: Tome 3 | F27: Roth | G27: Veronica | H27: 15 | I27: =COUNTIFS(produits,B27) -> 1 | J27: =I27/SUM($I$7:$I$33) -> 0.028571429
B28: =CONCATENATE(UPPER(LEFT(F28,3)),UPPER(LEFT(G28,3)),UPPER(LEFT(C28,4)),UPPER(RIGHT(E28,1))) -> ALDJUSMISÉ | C28: Miséricorde | F28: Alder-Olsen | G28: Jussi | H28: 16.5 | I28: =COUNTIFS(produits,B28) -> 2 | J28: =I28/SUM($I$7:$I$33) -> 0.057142857
B29: =CONCATENATE(UPPER(LEFT(F29,3)),UPPER(LEFT(G29,3)),UPPER(LEFT(C29,4)),UPPER(RIGHT(E29,1))) -> ALDJUSPROF | C29: Profanation | F29: Alder-Olsen | G29: Jussi | H29: 17 | I29: =COUNTIFS(produits,B29) -> 2 | J29: =I29/SUM($I$7:$I$33) -> 0.057142857
B30: =CONCATENATE(UPPER(LEFT(F30,3)),UPPER(LEFT(G30,3)),UPPER(LEFT(C30,4)),UPPER(RIGHT(E30,1))) -> ALDJUSDÉLI | C30: Délivrance | F30: Alder-Olsen | G30: Jussi | H30: 17.5 | I30: =COUNTIFS(produits,B30) -> 1 | J30: =I30/SUM($I$7:$I$33) -> 0.028571429
B31: =CONCATENATE(UPPER(LEFT(F31,3)),UPPER(LEFT(G31,3)),UPPER(LEFT(C31,4)),UPPER(RIGHT(E31,1))) -> ALDJUSDOSS | C31: Dossier 64 | F31: Alder-Olsen | G31: Jussi | H31: 18 | I31: =COUNTIFS(produits,B31) -> 0 | J31: =I31/SUM($I$7:$I$33) -> 0
B32: =CONCATENATE(UPPER(LEFT(F32,3)),UPPER(LEFT(G32,3)),UPPER(LEFT(C32,4)),UPPER(RIGHT(E32,1))) -> ALDJUSL'EF | C32: L'effet papillon | F32: Alder-Olsen | G32: Jussi | H32: 19 | I32: =COUNTIFS(produits,B32) -> 0 | J32: =I32/SUM($I$7:$I$33) -> 0
B33: =CONCATENATE(UPPER(LEFT(F33,3)),UPPER(LEFT(G33,3)),UPPER(LEFT(C33,4)),UPPER(RIGHT(E33,1))) -> ALDJUSPROM | C33: Promesse | F33: Alder-Olsen | G33: Jussi | H33: 20 | I33: =COUNTIFS(produits,B33) -> 0 | J33: =I33/SUM($I$7:$I$33) -> 0

Sheet Liste des produits vendus 
D2: Le tableau est nommé
D3: Achats
B5: Numéro de la commande | C5: Date de la commande | D5: Code clients | E5: Nom et Prénom | F5: Produits | G5: Titre et Tome | H5: Montant TTC | I5: Total de la commande
B6: =IF(OR(C6="",D6=""),"",CONCATENATE(YEAR(C6), RIGHT("0"&MONTH(C6),2), RIGHT("0"&DAY(C6),2), D6)) -> 20210107CAIMICRENFRA | C6: 44203 | D6: CAIMICRENFRA | E6: =CONCATENATE(VLOOKUP(D6,'Liste des clients'!$B$6:$E$21,3,0)," ",VLOOKUP(D6,'Liste des clients'!$B$6:$E$21,4,0)) -> CAINE Mickaël | F6: ALDJUSMISÉ | G6: =IFERROR(VLOOKUP('Liste des produits vendus '!F6,Ouvrage,2,FALSE)&" "&RIGHT(VLOOKUP('Liste des produits vendus '!F6,Ouvrage,4,FALSE),1),"") -> Miséricorde | H6: =IFERROR(VLOOKUP(F6,Ouvrage,7,FALSE),"") -> 16.5 | I6: =IF(OR(B6=B7,H6=""),"",SUMIFS(Montant,Commande,B6)) -> 16.5
B7: =IF(OR(C7="",D7=""),"",CONCATENATE(YEAR(C7), RIGHT("0"&MONTH(C7),2), RIGHT("0"&DAY(C7),2), D7)) -> 20210107DESSOPRENFRA | C7: 44203 | D7: DESSOPRENFRA | E7: =CONCATENATE(VLOOKUP(D7,'Liste des clients'!$B$6:$E$21,3,0)," ",VLOOKUP(D7,'Liste des clients'!$B$6:$E$21,4,0)) -> DESVENTS Sophie | F7: ALDJUSPROF | G7: =IFERROR(VLOOKUP('Liste des produits vendus '!F7,Ouvrage,2,FALSE)&" "&RIGHT(VLOOKUP('Liste des produits vendus '!F7,Ouvrage,4,FALSE),1),"") -> Profanation | H7: =IFERROR(VLOOKUP(F7,Ouvrage,7,FALSE),"") -> 17 | I7: =IF(OR(B7=B8,H7=""),"",SUMIFS(Montant,Commande,B7))
B8: =IF(OR(C8="",D8=""),"",CONCATENATE(YEAR(C8), RIGHT("0"&MONTH(C8),2), RIGHT("0"&DAY(C8),2), D8)) -> 20210107DESSOPRENFRA | C8: 44203 | D8: DESSOPRENFRA | E8: =CONCATENATE(VLOOKUP(D8,'Liste des clients'!$B$6:$E$21,3,0)," ",VLOOKUP(D8,'Liste des clients'!$B$6:$E$21,4,0)) -> DESVENTS Sophie | F8: ALDJUSDÉLI | G8: =IFERROR(VLOOKUP('Liste des produits vendus '!F8,Ouvrage,2,FALSE)&" "&RIGHT(VLOOKUP('Liste des produits vendus '!F8,Ouvrage,4,FALSE),1),"") -> Délivrance | H8: =IFERROR(VLOOKUP(F8,Ouvrage,7,FALSE),"") -> 17.5 | I8: =IF(OR(B8=B9,H8=""),"",SUMIFS(Montant,Commande,B8)) -> 34.5
B9: =IF(OR(C9="",D9=""),"",CONCATENATE(YEAR(C9), RIGHT("0"&MONTH(C9),2), RIGHT("0"&DAY(C9),2), D9)) -> 20210115IZGBERLONGRA | C9: 44211 | D9: IZGBERLONGRA | E9: =CONCATENATE(VLOOKUP(D9,'Liste des clients'!$B$6:$E$21,3,0)," ",VLOOKUP(D9,'Liste des clients'!$B$6:$E$21,4,0)) -> IZGOUD Bernadette | F9: MARGEOGAME1 | G9: =IFERROR(VLOOKUP('Liste des produits vendus '!F9,Ouvrage,2,FALSE)&" "&RIGHT(VLOOKUP('Liste des produits vendus '!F9,Ouvrage,4,FALSE),1),"") -> Games of Throne 1 | H9: =IFERROR(VLOOKUP(F9,Ouvrage,7,FALSE),"") -> 19 | I9: =IF(OR(B9=B10,H9=""),"",SUMIFS(Montant,Commande,B9))
B10: =IF(OR(C10="",D10=""),"",CONCATENATE(YEAR(C10), RIGHT("0"&MONTH(C10),2), RIGHT("0"&DAY(C10),2), D10)) -> 20210115IZGBERLONGRA | C10: 44211 | D10: IZGBERLONGRA | E10: =CONCATENATE(VLOOKUP(D10,'Liste des clients'!$B$6:$E$21,3,0)," ",VLOOKUP(D10,'Liste des clients'!$B$6:$E$21,4,0)) -> IZGOUD Bernadette | F10: MARGEOGAME2 | G10: =IFERROR(VLOOKUP('Liste des produits vendus '!F10,Ouvrage,2,FALSE)&" "&RIGHT(VLOOKUP('Liste des produits vendus '!F10,Ouvrage,4,FALSE),1),"") -> Games of Throne 2 | H10: =IFERROR(VLOOKUP(F10,Ouvrage,7,FALSE),"") -> 19.5 | I10: =IF(OR(B10=B11,H10=""),"",SUMIFS(Montant,Commande,B10)) -> 38.5
B11: =IF(OR(C11="",D11=""),"",CONCATENATE(YEAR(C11), RIGHT("0"&MONTH(C11),2), RIGHT("0"&DAY(C11),2), D11)) -> 20210120WALEVANANFRA | C11: 44216 | D11: WALEVANANFRA | E11: =CONCATENATE(VLOOKUP(D11,'Liste des clients'!$B$6:$E$21,3,0)," ",VLOOKUP(D11,'Liste des clients'!$B$6:$E$21,4,0)) -> WALKEN Eva | F11: GIEKERROUG1 | G11: =IFERROR(VLOOKUP('Liste des produits vendus '!F11,Ouvrage,2,FALSE)&" "&RIGHT(VLOOKUP('Liste des produits vendus '!F11,Ouvrage,4,FALSE),1),"") -> Rouge Rubis 1 | H11: =IFERROR(VLOOKUP(F11,Ouvrage,7,FALSE),"") -> 13.5 | I11: =IF(OR(B11=B12,H11=""),"",SUMIFS(Montant,Commande,B11))
B12: =IF(OR(C12="",D12=""),"",CONCATENATE(YEAR(C12), RIGHT("0"&MONTH(C12),2), RIGHT("0"&DAY(C12),2), D12)) -> 20210120WALEVANANFRA | C12: 44216 | D12: WALEVANANFRA | E12: =CONCATENATE(VLOOKUP(D12,'Liste des clients'!$B$6:$E$21,3,0)," ",VLOOKUP(D12,'Liste des clients'!$B$6:$E$21,4,0)) -> WALKEN Eva | F12: GIEKERBLEU2 | G12: =IFERROR(VLOOKUP('Liste des produits vendus '!F12,Ouvrage,2,FALSE)&" "&RIGHT(VLOOKUP('Liste des produits vendus '!F12,Ouvrage,4,FALSE),1),"") -> Bleu Saphir 2 | H12: =IFERROR(VLOOKUP(F12,Ouvrage,7,FALSE),"") -> 13 | I12: =IF(OR(B12=B13,H12=""),"",SUMIFS(Montant,Commande,B12))
B13: =IF(OR(C13="",D13=""),"",CONCATENATE(YEAR(C13), RIGHT("0"&MONTH(C13),2), RIGHT("0"&DAY(C13),2), D13)) -> 20210120WALEVANANFRA | C13: 44216 | D13: WALEVANANFRA | E13: =CONCATENATE(VLOOKUP(D13,'Liste des clients'!$B$6:$E$21,3,0)," ",VLOOKUP(D13,'Liste des clients'!$B$6:$E$21,4,0)) -> WALKEN Eva | F13: GIEKERVERT3 | G13: =IFERROR(VLOOKUP('Liste des produits vendus '!F13,Ouvrage,2,FALSE)&" "&RIGHT(VLOOKUP('Liste des produits vendus '!F13,Ouvrage,4,FALSE),1),"") -> Vert Emeraude 3 | H13: =IFERROR(VLOOKUP(F13,Ouvrage,7,FALSE),"") -> 13 | I13: =IF(OR(B13=B14,H13=""),"",SUMIFS(Montant,Commande,B13)) -> 39.5
B14: =IF(OR(C14="",D14=""),"",CONCATENATE(YEAR(C14), RIGHT("0"&MONTH(C14),2), RIGHT("0"&DAY(C14),2), D14)) -> 20210122LAPMAXNANFRA | C14: 44218 | D14: LAPMAXNANFRA | E14: =CONCATENATE(VLOOKUP(D14,'Liste des clients'!$B$6:$E$21,3,0)," ",VLOOKUP(D14,'Liste des clients'!$B$6:$E$21,4,0)) -> LAPORTE Maxime | F14: ALDJUSMISÉ | G14: =IFERROR(VLOOKUP('Liste des produits vendus '!F14,Ouvrage,2,FALSE)&" "&RIGHT(VLOOKUP('Liste des produits vendus '!F14,Ouvrage,4,FALSE),1),"") -> Miséricorde | H14: =IFERROR(VLOOKUP(F14,Ouvrage,7,FALSE),"") -> 16.5 | I14: =IF(OR(B14=B15,H14=""),"",SUMIFS(Montant,Commande,B14))
B15: =IF(OR(C15="",D15=""),"",CONCATENATE(YEAR(C15), RIGHT("0"&MONTH(C15),2), RIGHT("0"&DAY(C15),2), D15)) -> 20210122LAPMAXNANFRA | C15: 44218 | D15: LAPMAXNANFRA | E15: =CONCATENATE(VLOOKUP(D15,'Liste des clients'!$B$6:$E$21,3,0)," ",VLOOKUP(D15,'Liste des clients'!$B$6:$E$21,4,0)) -> LAPORTE Maxime | F15: ALDJUSPROF | G15: =IFERROR(VLOOKUP('Liste des produits vendus '!F15,Ouvrage,2,FALSE)&" "&RIGHT(VLOOKUP('Liste des produits vendus '!F15,Ouvrage,4,FALSE),1),"") -> Profanation | H15: =IFERROR(VLOOKUP(F15,Ouvrage,7,FALSE),"") -> 17 | I15: =IF(OR(B15=B16,H15=""),"",SUMIFS(Montant,Commande,B15)) -> 33.5
B16: =IF(OR(C16="",D16=""),"",CONCATENATE(YEAR(C16), RIGHT("0"&MONTH(C16),2), RIGHT("0"&DAY(C16),2), D16)) -> 20210125LEVMARANGFRA | C16: 44221 | D16: LEVMARANGFRA | E16: =CONCATENATE(VLOOKUP(D16,'Liste des clients'!$B$6:$E$21,3,0)," ",VLOOKUP(D16,'Liste des clients'!$B$6:$E$21,4,0)) -> LEVASSEUR Marthe | F16: MARGEOGAME1 | G16: =IFERROR(VLOOKUP('Liste des produits vendus '!F16,Ouvrage,2,FALSE)&" "&RIGHT(VLOOKUP('Liste des produits vendus '!F16,Ouvrage,4,FALSE),1),"") -> Games of Throne 1 | H16: =IFERROR(VLOOKUP(F16,Ouvrage,7,FALSE),"") -> 19 | I16: =IF(OR(B16=B17,H16=""),"",SUMIFS(Montant,Commande,B16)) -> 19
B17: =IF(OR(C17="",D17=""),"",CONCATENATE(YEAR(C17), RIGHT("0"&MONTH(C17),2), RIGHT("0"&DAY(C17),2), D17)) -> 20210125BINJULNICFRA | C17: 44221 | D17: BINJULNICFRA | E17: =CONCATENATE(VLOOKUP(D17,'Liste des clients'!$B$6:$E$21,3,0)," ",VLOOKUP(D17,'Liste des clients'!$B$6:$E$21,4,0)) -> BINOCHE Julien | F17: MARGEOGAME2 | G17: =IFERROR(VLOOKUP('Liste des produits vendus '!F17,Ouvrage,2,FALSE)&" "&RIGHT(VLOOKUP('Liste des produits vendus '!F17,Ouvrage,4,FALSE),1),"") -> Games of Throne 2 | H17: =IFERROR(VLOOKUP(F17,Ouvrage,7,FALSE),"") -> 19.5 | I17: =IF(OR(B17=B18,H17=""),"",SUMIFS(Montant,Commande,B17))
... B40: =IF(OR(C40="",D40=""),"",CONCATENATE(YEAR(C40), RIGHT("0"&MONTH(C40),2), RIGHT("0"&DAY(C40),2), D40)) -> 20210220PORJULNANFRA | C40: 44247 | D40: PORJULNANFRA | E40: =CONCATENATE(VLOOKUP(D40,'Liste des clients'!$B$6:$E$21,3,0)," ",VLOOKUP(D40,'Liste des clients'!$B$6:$E$21,4,0)) -> PORTE Juliette | F40: GIEKERVERT3 | G40: =IFERROR(VLOOKUP('Liste des produits vendus '!F40,Ouvrage,2,FALSE)&" "&RIGHT(VLOOKUP('Liste des produits vendus '!F40,Ouvrage,4,FALSE),1),"") -> Vert Emeraude 3 | H40: =IFERROR(VLOOKUP(F40,Ouvrage,7,FALSE),"") -> 13 | I40: =IF(OR(B40=B41,H40=""),"",SUMIFS(Montant,Commande,B40)) -> 26
H41: =SUM(Montant) -> 573 | I41: =SUM(I6:I40) -> 573
B43: Colonne nommée | F43: Colonne nommée | H43: Colonne nommée
B44: Commande | F44: Produits | H44: Montant

Sheet Total des ventes par clients
A1: Étiquettes de lignes | B1: Somme de Montant TTC | D1: Étiquettes de lignes | E1: Somme de Somme de Montant TTC
A2: BEUKELAERE Odette | B2: 31 | D2: BEUKELAERE Odette | E2: 31
A3: BINOCHE Julien | B3: 39 | D3: BINOCHE Julien | E3: 39
A4: CAINE Mickaël | B4: 16.5 | D4: CAINE Mickaël | E4: 16.5
A5: CURT Arthur | B5: 24.5 | D5: CURT Arthur | E5: 24.5
A6: DESVENTS Sophie | B6: 34.5 | D6: DESVENTS Sophie | E6: 34.5
A7: DUBOIS Jean | B7: 32.5 | D7: DUBOIS Jean | E7: 32.5
A8: HOLMES Sherlock | B8: 57.5 | D8: HOLMES Sherlock | E8: 57.5
A9: IRVING Amy | B9: 63.5 | D9: IRVING Amy | E9: 63.5
A10: IZGOUD Bernadette | B10: 79 | D10: IZGOUD Bernadette | E10: 79
A11: LAPORTE Maxime | B11: 33.5 | D11: LAPORTE Maxime | E11: 33.5
A12: LEVASSEUR Marthe | B12: 19 | D12: LEVASSEUR Marthe | E12: 19
A13: PORTE Juliette | B13: 26 | D13: PORTE Juliette | E13: 26
... A17: Total général | B17: 573 | D17: Total général | E17: 573
